userProfileID,sex,fullName,age,city,aboutMe,lookingFor,avatar,userID
1,M,Cully Ortmann,37,Argentina,even-keeled,Monitored,https://robohash.org/perspiciatisdolorumeum.png?size=150x150&set=set1,1
2,M,Rupert Swinfon,53,China,Right-sized,Graphical User Interface,https://robohash.org/velitreiciendisaut.jpg?size=150x150&set=set1,2
3,F,Agnese Brent,53,Japan,Expanded,neural-net,https://robohash.org/utnecessitatibusquos.jpg?size=150x150&set=set1,3
4,F,Anna-diane Skully,46,Philippines,fresh-thinking,Vision-oriented,https://robohash.org/nobisutrem.bmp?size=150x150&set=set1,4
5,F,Stace Paulmann,39,China,impactful,matrix,https://robohash.org/etquaeratesse.jpg?size=150x150&set=set1,5
6,F,Elayne Dombrell,35,China,implementation,Synergized,https://robohash.org/suntveniamvoluptas.png?size=150x150&set=set1,6
7,F,Auguste Traves,54,Kyrgyzstan,background,eco-centric,https://robohash.org/animifugitperferendis.png?size=150x150&set=set1,7
8,M,Adam Longstreeth,27,Philippines,circuit,user-facing,https://robohash.org/ipsavoluptatemcorrupti.png?size=150x150&set=set1,8
9,M,Roderich Raphael,37,Spain,Synergistic,Extended,https://robohash.org/teneturlaboriosamquasi.bmp?size=150x150&set=set1,9
10,M,Holt Rough,30,Tunisia,Intuitive,cohesive,https://robohash.org/optioestea.png?size=150x150&set=set1,10
11,F,Gwenneth Adkin,71,Ukraine,parallelism,info-mediaries,https://robohash.org/eumomnisqui.jpg?size=150x150&set=set1,11
12,M,Dolph Keddle,35,Portugal,Integrated,Multi-layered,https://robohash.org/laboriosamquisvoluptates.bmp?size=150x150&set=set1,12
13,F,Carmel Mabley,63,Sweden,5th generation,needs-based,https://robohash.org/erroreumdicta.bmp?size=150x150&set=set1,13
14,M,Brigg Sheather,48,Namibia,benchmark,Organic,https://robohash.org/nobisofficiavoluptatem.bmp?size=150x150&set=set1,14
15,M,Lucian Galer,23,France,De-engineered,logistical,https://robohash.org/doloremquemagnamanimi.png?size=150x150&set=set1,15
16,F,Joellyn Noddles,51,Micronesia,Advanced,orchestration,https://robohash.org/etaliquamsint.jpg?size=150x150&set=set1,16
17,F,Bernadina Coxen,19,France,composite,24/7,https://robohash.org/doloressedut.png?size=150x150&set=set1,17
18,M,Tuck Gatman,45,China,tangible,paradigm,https://robohash.org/nonsedodio.jpg?size=150x150&set=set1,18
19,M,Demott Deeley,33,China,multi-tasking,approach,https://robohash.org/ipsumsintea.png?size=150x150&set=set1,19
20,M,Patsy Franck,62,Portugal,concept,dynamic,https://robohash.org/totamatexpedita.bmp?size=150x150&set=set1,20
21,M,Giffie Crame,30,United States,explicit,scalable,https://robohash.org/sintutqui.bmp?size=150x150&set=set1,21
22,F,Wally Kleinholz,31,Poland,4th generation,Cross-platform,https://robohash.org/quoetquia.png?size=150x150&set=set1,22
23,M,Merry Cato,19,China,Monitored,Compatible,https://robohash.org/voluptatibusvoluptatesillum.jpg?size=150x150&set=set1,23
24,M,Lydon Cutbirth,42,Slovenia,leverage,executive,https://robohash.org/voluptasodiodolorem.png?size=150x150&set=set1,24
25,M,Arney Bartozzi,20,Brazil,knowledge user,support,https://robohash.org/saepeabipsam.bmp?size=150x150&set=set1,25
26,F,Jillana Piercy,60,Indonesia,logistical,Operative,https://robohash.org/inrerumaperiam.bmp?size=150x150&set=set1,26
27,M,Mar Castro,50,Portugal,focus group,knowledge base,https://robohash.org/sintcorporisfugit.bmp?size=150x150&set=set1,27
28,M,Hershel Esley,55,Poland,task-force,dynamic,https://robohash.org/rerumquoasperiores.png?size=150x150&set=set1,28
29,M,Kendell Wadwell,32,Philippines,Assimilated,toolset,https://robohash.org/adveltempora.png?size=150x150&set=set1,29
30,F,Teodora Todari,71,Indonesia,structure,Triple-buffered,https://robohash.org/hicitaquequi.png?size=150x150&set=set1,30
31,M,Cornie Lowman,70,Colombia,Customizable,4th generation,https://robohash.org/cumquequised.bmp?size=150x150&set=set1,31
32,F,Becca Firidolfi,26,China,interactive,migration,https://robohash.org/quisofficiaadipisci.png?size=150x150&set=set1,32
33,M,Benjamin Moreton,47,Bangladesh,reciprocal,productivity,https://robohash.org/iuretemporaid.png?size=150x150&set=set1,33
34,F,Evaleen Fryer,19,Portugal,heuristic,stable,https://robohash.org/sequiassumendasint.png?size=150x150&set=set1,34
35,M,Vinnie Hansbury,21,Argentina,Public-key,mobile,https://robohash.org/sintnostrummolestias.bmp?size=150x150&set=set1,35
36,M,Kaine McGill,44,Sweden,scalable,national,https://robohash.org/animiquidemconsequatur.jpg?size=150x150&set=set1,36
37,F,Cecelia Armal,24,Indonesia,hardware,local,https://robohash.org/nullanihilfuga.bmp?size=150x150&set=set1,37
38,M,Clyve Falkingham,69,France,flexibility,infrastructure,https://robohash.org/recusandaenonut.bmp?size=150x150&set=set1,38
39,F,Jolyn Durning,21,Croatia,maximized,grid-enabled,https://robohash.org/possimusetiste.png?size=150x150&set=set1,39
40,F,Myranda Deyenhardt,72,China,Business-focused,Advanced,https://robohash.org/errorrecusandaenon.jpg?size=150x150&set=set1,40
41,M,Ferd Putten,27,Russia,attitude-oriented,Automated,https://robohash.org/porroestiure.jpg?size=150x150&set=set1,41
42,F,Imelda Raeburn,32,China,alliance,emulation,https://robohash.org/praesentiumatquebeatae.jpg?size=150x150&set=set1,42
43,M,Welch Yggo,22,Indonesia,collaboration,dedicated,https://robohash.org/assumendadoloremminima.bmp?size=150x150&set=set1,43
44,M,Kenn Maruska,45,Russia,Graphic Interface,archive,https://robohash.org/architectoconsequaturnostrum.jpg?size=150x150&set=set1,44
45,M,Hewett Pohling,25,Bosnia and Herzegovina,groupware,didactic,https://robohash.org/inullamipsam.jpg?size=150x150&set=set1,45
46,M,Padget Bullocke,35,United States,zero tolerance,Optional,https://robohash.org/molestiaenumquameum.jpg?size=150x150&set=set1,46
47,F,Ailyn Rangeley,63,Sweden,Phased,real-time,https://robohash.org/consequaturaspernaturex.png?size=150x150&set=set1,47
48,M,Thibaut Di Dello,52,Estonia,Sharable,conglomeration,https://robohash.org/nobisdolorut.png?size=150x150&set=set1,48
49,F,Cherin Paumier,55,Brazil,secured line,parallelism,https://robohash.org/consequaturadaut.bmp?size=150x150&set=set1,49
50,F,Yvette Bessett,61,Canada,function,hybrid,https://robohash.org/rerumautemquo.png?size=150x150&set=set1,50
51,M,Padriac Whitehorne,27,Brazil,modular,matrix,https://robohash.org/molestiassuscipitrepellendus.png?size=150x150&set=set1,51
52,F,Charissa Lyptrit,60,Egypt,budgetary management,extranet,https://robohash.org/dolorquonon.jpg?size=150x150&set=set1,52
53,F,Robbyn Gilfoy,21,Indonesia,global,tertiary,https://robohash.org/laboriosamfuganostrum.png?size=150x150&set=set1,53
54,M,Roarke Weighell,52,China,bi-directional,application,https://robohash.org/veritatisvelaperiam.bmp?size=150x150&set=set1,54
55,M,Caesar Widdowes,68,Iran,Grass-roots,Devolved,https://robohash.org/nonvitaenostrum.jpg?size=150x150&set=set1,55
56,F,Cherlyn Gaspard,21,Russia,value-added,multimedia,https://robohash.org/voluptatessitqui.bmp?size=150x150&set=set1,56
57,F,Pearl Gummery,59,Philippines,forecast,Enterprise-wide,https://robohash.org/itaqueabperferendis.jpg?size=150x150&set=set1,57
58,M,Olly Chrishop,39,Indonesia,high-level,dynamic,https://robohash.org/sedvoluptatemvelit.png?size=150x150&set=set1,58
59,M,Lanie Neiland,54,China,concept,leverage,https://robohash.org/illumquisesse.png?size=150x150&set=set1,59
60,M,Duane Mammatt,63,China,Managed,3rd generation,https://robohash.org/nequesuntsimilique.png?size=150x150&set=set1,60
61,M,Rickert Pindar,21,Russia,User-friendly,Sharable,https://robohash.org/quissapientevelit.jpg?size=150x150&set=set1,61
62,F,Gwendolyn Hissie,68,Nigeria,neural-net,task-force,https://robohash.org/remquosminima.png?size=150x150&set=set1,62
63,M,Pip Hufton,36,France,hierarchy,Multi-channelled,https://robohash.org/expeditasintdignissimos.png?size=150x150&set=set1,63
64,M,Moshe Gayler,54,Albania,Fundamental,full-range,https://robohash.org/iustoautaut.png?size=150x150&set=set1,64
65,M,Roman Taveriner,19,Belarus,product,transitional,https://robohash.org/fugaquaeratnisi.png?size=150x150&set=set1,65
66,F,Carol D'Orsay,61,Ghana,Diverse,Synergized,https://robohash.org/officiaquiavelit.jpg?size=150x150&set=set1,66
67,F,Rodie Stronge,36,Chile,bifurcated,Diverse,https://robohash.org/aspernaturconsequunturqui.jpg?size=150x150&set=set1,67
68,F,Coreen Baack,54,Brazil,orchestration,Multi-layered,https://robohash.org/utnullaveritatis.png?size=150x150&set=set1,68
69,F,Noel Johnston,27,Czech Republic,neural-net,hardware,https://robohash.org/laborumetneque.jpg?size=150x150&set=set1,69
70,M,Findlay Hullyer,34,Myanmar,Advanced,forecast,https://robohash.org/corporiscupiditatecum.bmp?size=150x150&set=set1,70
71,M,Heinrik Feeny,67,Ukraine,encryption,Compatible,https://robohash.org/sintinrepudiandae.png?size=150x150&set=set1,71
72,F,Dareen Ottiwill,57,Denmark,firmware,grid-enabled,https://robohash.org/utsitautem.jpg?size=150x150&set=set1,72
73,F,Jennica Mayger,51,Indonesia,Team-oriented,pricing structure,https://robohash.org/nullaquosed.jpg?size=150x150&set=set1,73
74,F,Dede Stace,26,China,systematic,systematic,https://robohash.org/quivoluptateut.png?size=150x150&set=set1,74
75,F,Evangelina Mellmer,63,China,bottom-line,even-keeled,https://robohash.org/molestiaevoluptatesvoluptate.png?size=150x150&set=set1,75
76,F,Margaretha Ciani,28,Peru,parallelism,transitional,https://robohash.org/commodipraesentiumut.png?size=150x150&set=set1,76
77,M,Hollis Lupton,55,China,Reverse-engineered,non-volatile,https://robohash.org/aliquamidnisi.bmp?size=150x150&set=set1,77
78,F,Cicily Rysdale,67,China,protocol,Integrated,https://robohash.org/sitperspiciatisa.png?size=150x150&set=set1,78
79,F,Nari Turner,65,Sweden,protocol,Grass-roots,https://robohash.org/temporaaccusamusquisquam.jpg?size=150x150&set=set1,79
80,M,Baillie O' Finan,21,Philippines,cohesive,intangible,https://robohash.org/vitaenullaiusto.png?size=150x150&set=set1,80
81,M,Iorgo Leber,71,Indonesia,mission-critical,system engine,https://robohash.org/vitaeinciduntdelectus.png?size=150x150&set=set1,81
82,M,Urban Crepin,60,Ukraine,cohesive,Mandatory,https://robohash.org/eumiurequi.bmp?size=150x150&set=set1,82
83,M,Clayborn Bartholat,54,New Zealand,background,Virtual,https://robohash.org/atquenecessitatibusrem.bmp?size=150x150&set=set1,83
84,F,Daveta Grundell,64,China,Self-enabling,interactive,https://robohash.org/totamharumaliquam.png?size=150x150&set=set1,84
85,F,Vera Fydoe,38,China,open system,bandwidth-monitored,https://robohash.org/perferendisexconsequuntur.bmp?size=150x150&set=set1,85
86,F,Iona MacTrustey,32,Poland,implementation,info-mediaries,https://robohash.org/eosdolorreiciendis.jpg?size=150x150&set=set1,86
87,F,Dori Burgne,38,United States,portal,tangible,https://robohash.org/nobisvoluptatemcum.bmp?size=150x150&set=set1,87
88,F,Marijo Woodings,36,Colombia,analyzing,directional,https://robohash.org/teneturdoloresminima.bmp?size=150x150&set=set1,88
89,M,Hartley Littlekit,33,Norway,Phased,composite,https://robohash.org/fugasuscipitdeleniti.bmp?size=150x150&set=set1,89
90,F,Paola Handyside,35,Indonesia,actuating,extranet,https://robohash.org/ducimusassumendaiste.jpg?size=150x150&set=set1,90
91,M,Jakob Northcliffe,29,Slovenia,foreground,attitude,https://robohash.org/etuttempora.bmp?size=150x150&set=set1,91
92,F,Genovera McConigal,72,China,systematic,Devolved,https://robohash.org/sednumquamaut.bmp?size=150x150&set=set1,92
93,F,Addi Marryatt,58,France,functionalities,customer loyalty,https://robohash.org/sapientenumquamipsam.jpg?size=150x150&set=set1,93
94,F,Brinna Blankhorn,24,Lithuania,non-volatile,attitude-oriented,https://robohash.org/indelenitilabore.jpg?size=150x150&set=set1,94
95,M,Giustino Dabinett,56,Poland,Digitized,Innovative,https://robohash.org/facilisomnisab.png?size=150x150&set=set1,95
96,M,Caddric Lacroutz,26,Indonesia,dedicated,Expanded,https://robohash.org/exetculpa.png?size=150x150&set=set1,96
97,M,Thoma Janks,52,Czech Republic,mobile,radical,https://robohash.org/suscipitdistinctiomodi.jpg?size=150x150&set=set1,97
98,M,Neill Cullington,69,Belgium,bandwidth-monitored,Cross-group,https://robohash.org/delectusquodsed.png?size=150x150&set=set1,98
99,F,Grata Sertin,68,Burundi,secondary,Upgradable,https://robohash.org/idenimexpedita.png?size=150x150&set=set1,99
100,F,Cynthia Kubiczek,73,Czech Republic,monitoring,Ameliorated,https://robohash.org/quisquamaperiamquae.bmp?size=150x150&set=set1,100
