id,username,password,email
1,hinmett0,EJ9y2e0WqHR,tpenk0@rambler.ru
2,slethardy1,JRyhzFOPzD,jvanderlinde1@europa.eu
3,bpantin2,OojBGw1Fd6,mshrubshall2@dagondesign.com
4,fnance3,WnIvM4YJj,tseacombe3@dagondesign.com
5,rjaume4,tBdaSYURtk,rclewett4@webs.com
6,rnapoli5,faQJi2n,msoutherns5@hc360.com
7,orego6,61k2sE,dnicholas6@blog.com
8,aholby7,zJ13Ack,aharding7@baidu.com
9,rspilstead8,X7cQRC,lyakuntsov8@artisteer.com
10,wpaskerful9,SEfC57Er,ydamper9@unesco.org
11,dmcclaya,sHsKxGzXq,ejusthama@oaic.gov.au
12,khalversenb,oh6B9wRzX,rbindinb@ameblo.jp
13,mmelmethc,H467RdI,gwareingc@irs.gov
14,pbransomd,9QQe6C8NE,mrobund@yahoo.co.jp
15,hcluderaye,LUFH2nO4,amccarlee@latimes.com
16,hklimowiczf,6jJxyAScD,tstarlingf@about.com
17,ericcettig,XrYyV29,hpilgramg@fotki.com
18,vvarnesh,NNWsiM,rmardollh@independent.co.uk
19,qdimsdalei,BjcRN9WnG7f,abelti@nifty.com
20,jbavagej,lKwmqmCnlSj,eboyerj@istockphoto.com
21,tdenziloek,2T9GZx,sshrievesk@phpbb.com
22,ksjollemal,CcWsSovhjD,kiddendenl@wordpress.com
23,mduerdenm,dL1vwjqMAny,frourkem@pinterest.com
24,vsteinern,H1VqOHhFi2,cmalamn@twitter.com
25,ebotwrighto,8PbLaUb2,kfishpooleo@amazon.com
26,mzanetellop,Al6iziQG5PnQ,gspoonerp@unesco.org
27,qklimpq,XxLez3sQ,eglowachaq@nydailynews.com
28,jstoffelr,RDvUr1,bfaulderr@un.org
29,ckretchmers,Voo8YQZ,rwaghornes@domainmarket.com
30,fyegorkint,YOpEmYScE,jstanbrat@blinklist.com
31,mgulstonu,66O5CDjnqr3d,videllu@123-reg.co.uk
32,kscaysbrookv,3DmLHn7e2,sdanielouv@mit.edu
33,dmosedillw,hs14uXFgW,splowmanw@elpais.com
34,rvolkesx,VzYbT44eel,ncabellx@biblegateway.com
35,npinely,9MeOclbZ6IJF,akrzysztofiaky@cmu.edu
36,nmacconachyz,1w2ib4xT,gbenmorez@people.com.cn
37,gmeale10,RPdC7KkrGg,myarmouth10@usnews.com
38,gdickinson11,725uzE,cdeinhard11@feedburner.com
39,jsabate12,NaYk10FTG,kleighfield12@diigo.com
40,ktwinning13,R7Sblu3Ey,pmcreynold13@ning.com
41,srimington14,qT3lBudYusW4,gfoldes14@xrea.com
42,sivakhnov15,UiZZERhTzjr,kscamel15@jimdo.com
43,ctregent16,oTzAZXUFIZY0,bdespenser16@ca.gov
44,bdebell17,8AsrODS0tJJr,eabelevitz17@loc.gov
45,bpinare18,S170zqD,agerard18@hhs.gov
46,cburras19,cz8VCGD4E1,dgoldstraw19@vk.com
47,elittefair1a,mdoTTc,tpetrescu1a@ihg.com
48,jsawbridge1b,DkhfXGy,estotherfield1b@bbb.org
49,ajozsa1c,7el5d0iD3o2g,divy1c@ted.com
50,khaugg1d,WnpOXhxXQMT,dlaidler1d@live.com
51,mfirminger1e,V5x83c,scock1e@w3.org
52,cbalchin1f,Hi0RF7gp,mkremer1f@google.pl
53,kmarvelley1g,Q2kGhNF3D,idelatremoille1g@360.cn
54,gstubbs1h,6HNlXCXwp,ajime1h@home.pl
55,dcuddy1i,xSEBdvg6J,lburnett1i@cnn.com
56,cradnage1j,Wyat8csyZS,lmoodey1j@discuz.net
57,tsarver1k,DOKSfsV3YAk,psarch1k@wikipedia.org
58,vkerslake1l,Qh8BnTI0YD,cwoolvett1l@webs.com
59,cpierce1m,aI6QjttOIt8,bhillitt1m@e-recht24.de
60,emcanalley1n,59jD7nkR5H,mkoppelmann1n@whitehouse.gov
61,rgummary1o,11Rx7Wp,srubi1o@joomla.org
62,ccettell1p,mAcaPjA7Tb,kcockshoot1p@twitpic.com
63,josman1q,WYrSVFXA6,fbole1q@apple.com
64,criditch1r,yxrFifg,hmcphaden1r@google.de
65,jtegeller1s,GSpBflFXXf,tcorder1s@timesonline.co.uk
66,tlubomirski1t,Sr9C3hn1xJHW,apride1t@netlog.com
67,ljess1u,L8DUZJfm,dduffie1u@noaa.gov
68,mmcquin1v,5XoKFCcSclX,abinnell1v@rambler.ru
69,osawtell1w,qe7Kzgh2iFM4,jspeer1w@nsw.gov.au
70,milem1x,07lmKtDycyIN,akemell1x@home.pl
71,mmchale1y,0ZZrV72Fy,jgouldthorpe1y@homestead.com
72,mkiely1z,c2m6FFUJPgBf,kpetrollo1z@wisc.edu
73,bleiden20,dDSDxC7YQ,jhayden20@nba.com
74,jgoligher21,VdILpM,hoverstone21@usa.gov
75,qlapidus22,oyttF68s,modonohoe22@macromedia.com
76,tcourse23,tJFm1afVR,zleeb23@com.com
77,mcockayme24,kkrVHR9L,gportugal24@etsy.com
78,mverden25,bsUAXD7po,aburril25@mashable.com
79,athynne26,alcjKGtkRXz,jbrixey26@eepurl.com
80,coventon27,5P0vJ5V9,gturnpenny27@buzzfeed.com
81,mrebbeck28,yy4WmalH,dhaslum28@yahoo.com
82,tscoggin29,m49U0YeRh,fguitt29@toplist.cz
83,fflay2a,nSgoJNxpzut,jreyner2a@dot.gov
84,kgillio2b,bJ4keT,kpedrocchi2b@yahoo.com
85,jplom2c,niD0zUdt9,barniz2c@ehow.com
86,emessruther2d,qWRwZMcEX9q,kbrockwell2d@bigcartel.com
87,skelley2e,W8eoNnjBaBcN,nblakeley2e@jiathis.com
88,edoylend2f,eRU7JcPQHPX,rvasiljevic2f@lycos.com
89,asallery2g,pitsmIBQw,hkarpychev2g@prweb.com
90,kaylmore2h,hpzVmJJfO8,ocolvill2h@techcrunch.com
91,rmatterson2i,YRHQQn7yyz,tfeatherstonhaugh2i@spotify.com
92,olepage2j,96hxgPtX9,rwelband2j@disqus.com
93,pnestoruk2k,LAcXFRkp28HZ,ssirr2k@geocities.jp
94,cdoran2l,kXfwcJXxCUz,mshemwell2l@tripadvisor.com
95,jduignan2m,QMDocD49yG,ggirk2m@dmoz.org
96,gcusick2n,xJAk9bUEXsT,pcawdron2n@vk.com
97,satyeo2o,1d8mMZ4O,ldudill2o@addthis.com
98,jblagburn2p,NE8lO6t82TcR,mmcnirlin2p@angelfire.com
99,dmarples2q,DpSNrY,fstell2q@comsenz.com
100,aalishoner2r,gb7wnw9WbTB,dkeher2r@eepurl.com
